iter	Passed	Remaining
0	38734	19328678
1	76943	19158970
2	115316	19104179
3	154033	19100205
4	192651	19072543
5	231047	19022909
6	270682	19063747
7	309892	19058399
8	349252	19053678
9	388306	19027039
10	427216	18991719
11	465711	18938918
12	504737	18908228
13	544090	18887711
14	582980	18849716
15	621862	18811342
16	661084	18782586
17	699878	18741177
18	738212	18688435
19	778065	18673576
20	816243	18618128
21	855545	18588673
22	894277	18546542
23	933506	18514549
24	972170	18471247
25	1011749	18444979
26	1050934	18410818
27	1089739	18369902
28	1128754	18332533
29	1167638	18293005
30	1206562	18254118
31	1244937	18207216
32	1284362	18175681
33	1323455	18139126
34	1362444	18101052
35	1401886	18068756
36	1441412	18037132
37	1480573	18000654
38	1519995	17967120
39	1558984	17928324
40	1598374	17893993
41	1636802	17848939
42	1676121	17813658
43	1715096	17774637
44	1754256	17737480
45	1792219	17688430
46	1831534	17652879
47	1870762	17616343
48	1909360	17573906
49	1947470	17527234
50	1985309	17478511
51	2024441	17441341
52	2062962	17398946
53	2101833	17359588
54	2141743	17328649
55	2180983	17292079
56	2219783	17252002
57	2259613	17219815
58	2300145	17192612
59	2340007	17160053
60	2380063	17128651
61	2419106	17089819
62	2458500	17053405
63	2497960	17017359
64	2536450	16974704
65	2575457	16935583
66	2614345	16895696
67	2653111	16855063
68	2692167	16816290
69	2731914	16781762
70	2770534	16740271
71	2809047	16698225
72	2847867	16658072
73	2886741	16618266
74	2925177	16576005
75	2962965	16530229
76	3001697	16489844
77	3040483	16449794
78	3079226	16409546
79	3118977	16374631
80	3157727	16334418
81	3196494	16294327
82	3235513	16255533
83	3274534	16216742
84	3312765	16174087
85	3352116	16136930
86	3390965	16097341
87	3429572	16056634
88	3467528	16012970
89	3506284	15973074
90	3545167	15933775
91	3583574	15892372
92	3622721	15854274
93	3661420	15814221
94	3700216	15774605
95	3738888	15734491
96	3777268	15693185
97	3815577	15651653
98	3854124	15611151
99	3893592	15574370
100	3931928	15533064
101	3970436	15492488
102	4009128	15452659
103	4047451	15411449
104	4086326	15372371
105	4125510	15334444
106	4164802	15296890
107	4203029	15255439
108	4241840	15216142
109	4280263	15175478
110	4319286	15136958
111	4359085	15101119
112	4398407	15063570
113	4437597	15025549
114	4477120	14988622
115	4515351	14947371
116	4554107	14907891
117	4593012	14868905
118	4631534	14828693
119	4670168	14788867
120	4709149	14750145
121	4748733	14713289
122	4787894	14675092
123	4826095	14633967
124	4865215	14595645
125	4904245	14557046
126	4944073	14520782
127	4982657	14480849
128	5021423	14441457
129	5059609	14400425
130	5098487	14361389
131	5136619	14320271
132	5175554	14281417
133	5213865	14240856
134	5252298	14200658
135	5290310	14159360
136	5328173	14117716
137	5366715	14077905
138	5405009	14037471
139	5443950	13998730
140	5482855	13959894
141	5521334	13919984
142	5559912	13880340
143	5598561	13840887
144	5637230	13801495
145	5675687	13761597
146	5713673	13720589
147	5752858	13682475
148	5792007	13644259
149	5830826	13605262
150	5869715	13566428
151	5907305	13524620
152	5945999	13485371
153	5984034	13444649
154	6022484	13404884
155	6062233	13368002
156	6100443	13327720
157	6138472	13287072
158	6175914	13245200
159	6214155	13205081
160	6253112	13166490
161	6291810	13127357
162	6330394	13087992
163	6369201	13049096
164	6407907	13009994
165	6446071	12969806
166	6484571	12930312
167	6522225	12889159
168	6560644	12849546
169	6598998	12809820
170	6637298	12770006
171	6676273	12731498
172	6714395	12691372
173	6752941	12652062
174	6791395	12612592
175	6830255	12573878
176	6868812	12534612
177	6907522	12495631
178	6945690	12455679
179	6984175	12416311
180	7022413	12376518
181	7060862	12337111
182	7099126	12297393
183	7137989	12258721
184	7176064	12218703
185	7214620	12179520
186	7252686	12139523
187	7290813	12099647
188	7329138	12060116
189	7367798	12021144
190	7406320	11981952
191	7444732	11942592
192	7482594	11902365
193	7520680	11862515
194	7559241	11823428
195	7598727	11785781
196	7637326	11746750
197	7676616	11708778
198	7715145	11669642
199	7753179	11629769
200	7791697	11590634
201	7830280	11551602
202	7868990	11512759
203	7907494	11473619
204	7946653	11435427
205	7985680	11397039
206	8024365	11358160
207	8063048	11319280
208	8101667	11280312
209	8140379	11241476
210	8179092	11202643
211	8218240	11164402
212	8256591	11125078
213	8294990	11085828
214	8333401	11046602
215	8372283	11008001
216	8410217	10968163
217	8448239	10928456
218	8486977	10889684
219	8525726	10850924
220	8564289	10811931
221	8603520	10773777
222	8642559	10735376
223	8680687	10695847
224	8718949	10656493
225	8758692	10618945
226	8797696	10580489
227	8836211	10541445
228	8874649	10502314
229	8913657	10463858
230	8952451	10425149
231	8990987	10386140
232	9029666	10347300
233	9068845	10309029
234	9107114	10269725
235	9144861	10229845
236	9183235	10190678
237	9221716	10151637
238	9260265	10112675
239	9298101	10072943
240	9335950	10033241
241	9374391	9994185
242	9413082	9955399
243	9451813	9916657
244	9490497	9877865
245	9528537	9838409
246	9566392	9798774
247	9605026	9759946
248	9642950	9720403
249	9681088	9681088
250	9719760	9642312
251	9757877	9602990
252	9795968	9563652
253	9834827	9525069
254	9873278	9486090
255	9911930	9447308
256	9950828	9408760
257	9989231	9369744
258	10027968	9331043
259	10066726	9292362
260	10104647	9252914
261	10143398	9214232
262	10182137	9175538
263	10219773	9135858
264	10258646	9097290
265	10296673	9057975
266	10334521	9018514
267	10373009	8979620
268	10411208	8940480
269	10450104	8901940
270	10488862	8863282
271	10527672	8824666
272	10567668	8787035
273	10605680	8747750
274	10644325	8708993
275	10683284	8670491
276	10721831	8631654
277	10760300	8592757
278	10798429	8553594
279	10836759	8514596
280	10875879	8476219
281	10914714	8437616
282	10952771	8398415
283	10991430	8359679
284	11029808	8320732
285	11067819	8281515
286	11106854	8243066
287	11145017	8203971
288	11183419	8165057
289	11222418	8126578
290	11261619	8088241
291	11299810	8049180
292	11337449	8009734
293	11376593	7971354
294	11415477	7932789
295	11453664	7893741
296	11492009	7854808
297	11530729	7816132
298	11568853	7777055
299	11607440	7738293
300	11645562	7699225
301	11684216	7660513
302	11722897	7621817
303	11760895	7582682
304	11799631	7544026
305	11837649	7504914
306	11876516	7466343
307	11914925	7427485
308	11952860	7388337
309	11991183	7349435
310	12029959	7310811
311	12067780	7271611
312	12106475	7232941
313	12145106	7194235
314	12183411	7155337
315	12221818	7116501
316	12260255	7077686
317	12298473	7038749
318	12337330	7000177
319	12375675	6961317
320	12414862	6922929
321	12452636	6883755
322	12490750	6844776
323	12529326	6806053
324	12567602	6767170
325	12606308	6728520
326	12644439	6689565
327	12682511	6650585
328	12721269	6611966
329	12758604	6572614
330	12797677	6534161
331	12836730	6495695
332	12874506	6456584
333	12913146	6417911
334	12951843	6379266
335	12989710	6340215
336	13028571	6301653
337	13066187	6262492
338	13104712	6223772
339	13143386	6185122
340	13182147	6146514
341	13221143	6108013
342	13259361	6069153
343	13297995	6030486
344	13335929	5991504
345	13374322	5952733
346	13413198	5914176
347	13451489	5875363
348	13489666	5836503
349	13529371	5798302
350	13568256	5759744
351	13606498	5720914
352	13644860	5682137
353	13683023	5643280
354	13721008	5604355
355	13760173	5565913
356	13799032	5527343
357	13837441	5488594
358	13876288	5450018
359	13914535	5411208
360	13952902	5372447
361	13991309	5333703
362	14029191	5294763
363	14067049	5255820
364	14106073	5217314
365	14144382	5178544
366	14182373	5139661
367	14221251	5101101
368	14259636	5062364
369	14298473	5023787
370	14337747	4985362
371	14376357	4946703
372	14415244	4908139
373	14453876	4869487
374	14491784	4830594
375	14530955	4792123
376	14569336	4753391
377	14608525	4714920
378	14646503	4676060
379	14684505	4637212
380	14723844	4598785
381	14761545	4559849
382	14800399	4521270
383	14838858	4482571
384	14877342	4443881
385	14916519	4405397
386	14954977	4366698
387	14993645	4328062
388	15032506	4289481
389	15071402	4250908
390	15110145	4212291
391	15148447	4173551
392	15186910	4134858
393	15224792	4096010
394	15263271	4057325
395	15301215	4018501
396	15339979	3979893
397	15379009	3941354
398	15417457	3902664
399	15455267	3863816
400	15494640	3825360
401	15534107	3786921
402	15571916	3748079
403	15610424	3709407
404	15648596	3670658
405	15686962	3631956
406	15725811	3593367
407	15764132	3554657
408	15803077	3516088
409	15840638	3477213
410	15879615	3438651
411	15918076	3399977
412	15957068	3361416
413	15994663	3322563
414	16033996	3284071
415	16072423	3245393
416	16111301	3206805
417	16151296	3168436
418	16189543	3129720
419	16228421	3091127
420	16266539	3052391
421	16305684	3013846
422	16344643	2975266
423	16382856	2936549
424	16421287	2897874
425	16459933	2859237
426	16498273	2820547
427	16537492	2782008
428	16576426	2743417
429	16615441	2704839
430	16654575	2666277
431	16693360	2627658
432	16731664	2588964
433	16769890	2550259
434	16808743	2511651
435	16847906	2473087
436	16886644	2434459
437	16924957	2395770
438	16963197	2357073
439	17001513	2318388
440	17039899	2279714
441	17078257	2241038
442	17115868	2202267
443	17155111	2163707
444	17193788	2125074
445	17232226	2086413
446	17270076	2047682
447	17308700	2009045
448	17346076	1970267
449	17384277	1931586
450	17422923	1892956
451	17460974	1854262
452	17499338	1815604
453	17537809	1776958
454	17576245	1738309
455	17614595	1699653
456	17652994	1661003
457	17691244	1622341
458	17730202	1583743
459	17768609	1545096
460	17807017	1506450
461	17846051	1467857
462	17884721	1429232
463	17922812	1390563
464	17960397	1351857
465	17998545	1313198
466	18037324	1274586
467	18075508	1235932
468	18114351	1197323
469	18152790	1158688
470	18191947	1120098
471	18230853	1081491
472	18269011	1042839
473	18306854	1004173
474	18345694	965562
475	18384900	926969
476	18422837	888312
477	18461543	849694
478	18499807	811056
479	18537568	772398
480	18575308	733744
481	18613154	695097
482	18651415	656468
483	18690072	617853
484	18728163	579221
485	18766518	540599
486	18804832	501977
487	18843619	463367
488	18881676	424741
489	18919666	386115
490	18958057	347500
491	18995974	308877
492	19034190	270262
493	19073346	231660
494	19111638	193046
495	19149460	154431
496	19188088	115823
497	19227187	77217
498	19265091	38607
499	19302872	0
